currency,amount
BTC,0.12037037
ETH,0.212962963
Alt-Coins,0.296296296
Cash,0.37037037
