t,x,currency,amount
1,0.981810779,BTC,0.12037037
2,0.981606855,ETH,0.212962963
3,0.600481387,Alt-Coins,0.296296296
4,0.626231801,Cash,0.37037037
5,0.914570209,,
6,0.814537744,,
7,0.235377876,,
8,0.272151179,,
9,0.547289084,,
10,0.662383939,,
11,0.138117645,,
12,0.374621963,,
13,0.278777437,,
14,0.017360077,,
15,0.632783922,,
16,0.239310166,,
17,0.823830041,,
18,0.923679225,,
19,0.932097949,,
20,0.524056578,,
21,0.364263004,,
22,0.583625895,,
